timestamp_unix,timestamp_iso,connected_clients
1770719164,2026-02-10T08:06:04Z,26
1770719464,2026-02-10T08:11:04Z,27
1770719764,2026-02-10T08:16:04Z,26
1770720064,2026-02-10T08:21:04Z,26
1770720364,2026-02-10T08:26:04Z,26
1770720664,2026-02-10T08:31:04Z,26
1770720964,2026-02-10T08:36:04Z,27
1770721264,2026-02-10T08:41:04Z,41
1770721564,2026-02-10T08:46:04Z,34
1770721864,2026-02-10T08:51:04Z,30
1770722164,2026-02-10T08:56:04Z,30
1770722464,2026-02-10T09:01:04Z,31
1770722764,2026-02-10T09:06:04Z,31
1770723064,2026-02-10T09:11:04Z,31
1770723364,2026-02-10T09:16:04Z,31
1770723664,2026-02-10T09:21:04Z,37
1770723964,2026-02-10T09:26:04Z,35
1770724264,2026-02-10T09:31:04Z,31
1770724564,2026-02-10T09:36:04Z,33
1770724864,2026-02-10T09:41:04Z,41
1770725164,2026-02-10T09:46:04Z,39
1770725464,2026-02-10T09:51:04Z,40
1770725764,2026-02-10T09:56:04Z,41
1770726064,2026-02-10T10:01:04Z,40
1770726364,2026-02-10T10:06:04Z,41
1770726664,2026-02-10T10:11:04Z,43
1770726964,2026-02-10T10:16:04Z,43
1770727264,2026-02-10T10:21:04Z,43
1770727564,2026-02-10T10:26:04Z,43
1770727864,2026-02-10T10:31:04Z,45
1770728164,2026-02-10T10:36:04Z,47
1770728464,2026-02-10T10:41:04Z,48
1770728764,2026-02-10T10:46:04Z,48
1770729064,2026-02-10T10:51:04Z,48
1770729364,2026-02-10T10:56:04Z,50
1770729664,2026-02-10T11:01:04Z,51
1770729964,2026-02-10T11:06:04Z,51
1770730264,2026-02-10T11:11:04Z,51
1770730564,2026-02-10T11:16:04Z,52
1770730864,2026-02-10T11:21:04Z,53
1770731164,2026-02-10T11:26:04Z,53
1770731464,2026-02-10T11:31:04Z,53
1770731764,2026-02-10T11:36:04Z,58
1770732064,2026-02-10T11:41:04Z,92
1770732364,2026-02-10T11:46:04Z,134
1770732664,2026-02-10T11:51:04Z,103
1770732964,2026-02-10T11:56:04Z,103
1770733264,2026-02-10T12:01:04Z,103
1770733564,2026-02-10T12:06:04Z,103
1770733864,2026-02-10T12:11:04Z,103
1770734164,2026-02-10T12:16:04Z,103
1770734464,2026-02-10T12:21:04Z,103
1770734764,2026-02-10T12:26:04Z,103
1770735064,2026-02-10T12:31:04Z,103
1770735364,2026-02-10T12:36:04Z,103
1770735664,2026-02-10T12:41:04Z,102
1770735964,2026-02-10T12:46:04Z,101
1770736264,2026-02-10T12:51:04Z,101
1770736564,2026-02-10T12:56:04Z,101
1770736864,2026-02-10T13:01:04Z,101
1770737164,2026-02-10T13:06:04Z,101
1770737464,2026-02-10T13:11:04Z,94
1770737764,2026-02-10T13:16:04Z,94
1770738064,2026-02-10T13:21:04Z,94
1770738364,2026-02-10T13:26:04Z,94
1770738664,2026-02-10T13:31:04Z,94
1770738964,2026-02-10T13:36:04Z,94
1770739264,2026-02-10T13:41:04Z,95
1770739564,2026-02-10T13:46:04Z,94
1770739864,2026-02-10T13:51:04Z,94
1770740164,2026-02-10T13:56:04Z,89
1770740464,2026-02-10T14:01:04Z,89
1770740764,2026-02-10T14:06:04Z,89
