spu_code,week,qty,revenue
PR000001,2025-W16,4,80.34
PR000001,2025-W17,1,25.34
PR000001,2025-W18,4,36.56
PR000001,2025-W19,1,9.14
PR000001,2025-W22,16,326.2
PR000002,2025-W17,3,79.02
PR000002,2025-W18,7,58.38
PR000002,2025-W19,3,25.02
PR000002,2025-W20,2,16.68
PR000002,2025-W21,3,25.02
PR000002,2025-W22,10,107.94
PR000003,2025-W16,3,30.0
PR000003,2025-W17,5,41.0
PR000003,2025-W22,5,45.0
PR000004,2025-W16,2,57.34
PR000004,2025-W17,3,97.02
PR000004,2025-W19,1,9.84
PR000004,2025-W20,8,73.72
PR000004,2025-W22,6,115.54
PR000005,2025-W21,17,3.17
PR000005,2025-W22,20,20.7
PR000005,2025-W23,6,15.38
PR000005,2025-W24,25521,64220.58
PR000005,2025-W25,27,42.44
PR000005,2025-W26,32,30.65
PR000005,2025-W27,115,246.51
PR000005,2025-W28,89,219.59
PR000005,2025-W29,142,358.49
PR000005,2025-W30,95,222.36
PR000005,2025-W31,122,297.28
PR000005,2025-W32,119,277.6
PR000005,2025-W33,97,247.93
PR000005,2025-W34,109,270.1
PR000005,2025-W35,246,588.81
PR000005,2025-W36,223,543.33
PR000005,2025-W37,347,860.08
PR000005,2025-W38,382,951.75
PR000005,2025-W39,373,949.35
PR000005,2025-W40,417,995.0
PR000005,2025-W41,456,1087.19
PR000005,2025-W42,510,1259.21
PR000005,2025-W43,505,1219.56
PR000005,2025-W44,510,1251.41
PR000005,2025-W45,420,1013.41
PR000005,2025-W46,402,991.21
PR000005,2025-W47,444,1057.72
PR000005,2025-W48,383,977.73
PR000005,2025-W49,579,1335.33
PR000005,2025-W50,487,1196.49
PR000005,2025-W51,611,1465.46
PR000005,2025-W52,505,1287.9
PR000005,2026-W01,624,1502.23
PR000005,2026-W02,843,2000.96
PR000005,2026-W03,1194,2714.87
PR000005,2026-W04,1065,2438.68
PR000005,2026-W05,775,1775.21
PR000005,2026-W06,980,2177.81
PR000005,2026-W07,967,2138.32
PR000005,2026-W08,88,194.37
PR000006,2025-W20,4,0.04
PR000006,2025-W21,58,20.65
PR000006,2025-W22,10,16.1
PR000006,2025-W23,7,26.55
PR000006,2025-W24,14,13.31
PR000006,2025-W25,6,11.16
PR000006,2025-W26,22,14.93
PR000006,2025-W27,204,530.39
PR000006,2025-W28,254,746.46
PR000006,2025-W29,212,585.73
PR000006,2025-W30,168,448.49
PR000006,2025-W31,198,559.49
PR000006,2025-W32,189,504.15
PR000006,2025-W33,219,708.58
PR000006,2025-W34,180,504.2
PR000006,2025-W35,267,795.1
PR000006,2025-W36,307,905.14
PR000006,2025-W37,365,1115.13
PR000006,2025-W38,427,1215.35
PR000006,2025-W39,439,1297.82
PR000006,2025-W40,404,1183.29
PR000006,2025-W41,402,1150.46
PR000006,2025-W42,401,1221.36
PR000006,2025-W43,351,1001.02
PR000006,2025-W44,335,973.75
PR000006,2025-W45,382,1078.39
PR000006,2025-W46,242,736.78
PR000006,2025-W47,258,741.66
PR000006,2025-W48,267,882.68
PR000006,2025-W49,339,977.63
PR000006,2025-W50,323,934.26
PR000006,2025-W51,345,1031.87
PR000006,2025-W52,226,743.03
PR000006,2026-W01,198,603.68
PR000006,2026-W02,353,989.38
PR000006,2026-W03,356,1095.76
PR000006,2026-W04,299,912.13
PR000006,2026-W05,296,914.76
PR000006,2026-W06,376,1132.42
PR000006,2026-W07,478,1353.87
PR000006,2026-W08,53,153.48
PR000014,2025-W20,1,0.01
PR000014,2025-W21,14,25.34
PR000014,2025-W22,6,8.56
PR000014,2025-W23,4,2.04
PR000014,2025-W24,7,9.47
PR000014,2025-W25,4,0.54
PR000014,2025-W26,8,5.82
PR000014,2025-W27,70,183.45
PR000014,2025-W28,86,251.22
PR000014,2025-W29,43,123.46
PR000014,2025-W30,50,126.76
PR000014,2025-W31,83,244.27
PR000014,2025-W32,52,135.28
PR000014,2025-W33,30,88.35
PR000014,2025-W34,63,175.56
PR000014,2025-W35,113,354.1
PR000014,2025-W36,122,373.11
PR000014,2025-W37,173,631.42
PR000014,2025-W38,163,446.8
PR000014,2025-W39,198,692.91
PR000014,2025-W40,215,612.49
PR000014,2025-W41,263,762.95
PR000014,2025-W42,267,792.37
PR000014,2025-W43,310,898.9
PR000014,2025-W44,353,1020.39
PR000014,2025-W45,354,988.74
PR000014,2025-W46,380,1072.55
PR000014,2025-W47,454,1244.37
PR000014,2025-W48,408,1168.95
PR000014,2025-W49,600,1608.37
PR000014,2025-W50,652,1868.41
PR000014,2025-W51,688,1910.53
PR000014,2025-W52,512,1532.83
PR000014,2026-W01,505,1554.88
PR000014,2026-W02,540,1707.3
PR000014,2026-W03,519,1580.15
PR000014,2026-W04,521,1779.84
PR000014,2026-W05,542,1631.01
PR000014,2026-W06,629,1859.62
PR000014,2026-W07,760,2170.41
PR000014,2026-W08,98,268.72
PR000015,2025-W20,2,0.02
PR000015,2025-W21,12,13.47
PR000015,2025-W22,9,19.59
PR000015,2025-W23,3,2.03
PR000015,2025-W24,10,3.65
PR000015,2025-W25,14,11.19
PR000015,2025-W26,23,4.21
PR000015,2025-W27,413,1211.32
PR000015,2025-W28,502,1522.66
PR000015,2025-W29,467,1505.34
PR000015,2025-W30,417,1339.89
PR000015,2025-W31,657,2076.07
PR000015,2025-W32,716,2200.56
PR000015,2025-W33,712,2333.25
PR000015,2025-W34,652,2114.46
PR000015,2025-W35,919,2972.75
PR000015,2025-W36,1150,3714.57
PR000015,2025-W37,1071,3477.66
PR000015,2025-W38,980,3321.32
PR000015,2025-W39,986,3367.9
PR000015,2025-W40,987,3367.69
PR000015,2025-W41,863,2967.81
PR000015,2025-W42,785,2703.11
PR000015,2025-W43,709,2460.18
PR000015,2025-W44,573,1941.06
PR000015,2025-W45,709,2443.36
PR000015,2025-W46,525,1791.95
PR000015,2025-W47,562,1918.13
PR000015,2025-W48,494,1811.84
PR000015,2025-W49,678,2465.27
PR000015,2025-W50,680,2604.3
PR000015,2025-W51,694,2650.26
PR000015,2025-W52,349,1404.44
PR000015,2026-W01,437,1805.56
PR000015,2026-W02,813,2911.76
PR000015,2026-W03,821,3025.09
PR000015,2026-W04,710,2690.49
PR000015,2026-W05,589,2230.52
PR000015,2026-W06,817,2969.21
PR000015,2026-W07,912,3049.36
PR000015,2026-W08,125,446.3
PR000016,2025-W20,1,0.01
PR000016,2025-W21,9,29.15
PR000016,2025-W22,3,3.03
PR000016,2025-W23,3,1.03
PR000016,2025-W24,12,2.32
PR000016,2025-W25,13,9.08
PR000016,2025-W26,13,0.63
PR000016,2025-W27,119,364.75
PR000016,2025-W28,93,276.5
PR000016,2025-W29,92,296.06
PR000016,2025-W30,93,298.05
PR000016,2025-W31,127,401.71
PR000016,2025-W32,169,546.38
PR000016,2025-W33,164,517.87
PR000016,2025-W34,308,958.62
PR000016,2025-W35,440,1355.64
PR000016,2025-W36,467,1467.3
PR000016,2025-W37,557,1780.53
PR000016,2025-W38,564,1785.92
PR000016,2025-W39,537,1678.97
PR000016,2025-W40,707,2259.93
PR000016,2025-W41,819,2665.33
PR000016,2025-W42,889,2874.19
PR000016,2025-W43,817,2620.99
PR000016,2025-W44,885,2746.38
PR000016,2025-W45,850,2678.37
PR000016,2025-W46,933,2921.35
PR000016,2025-W47,1139,3595.17
PR000016,2025-W48,935,3069.42
PR000016,2025-W49,1374,4315.89
PR000016,2025-W50,1637,5655.12
PR000016,2025-W51,1577,5193.65
PR000016,2025-W52,1217,4163.62
PR000016,2026-W01,1227,4111.32
PR000016,2026-W02,1525,4896.22
PR000016,2026-W03,1643,5482.25
PR000016,2026-W04,1524,5196.05
PR000016,2026-W05,1432,4869.91
PR000016,2026-W06,1799,5917.09
PR000016,2026-W07,1702,5645.6
PR000016,2026-W08,172,576.37
PR000017,2025-W20,1,0.01
PR000017,2025-W21,10,12.72
PR000017,2025-W22,10,10.1
PR000017,2025-W24,3,1.43
PR000017,2025-W25,8,1.58
PR000017,2025-W26,18,18.1
PR000017,2025-W27,93,245.64
PR000017,2025-W28,120,354.74
PR000017,2025-W29,90,281.62
PR000017,2025-W30,107,316.14
PR000017,2025-W31,104,306.21
PR000017,2025-W32,112,348.92
PR000017,2025-W33,110,347.11
PR000017,2025-W34,64,210.33
PR000017,2025-W35,127,412.74
PR000017,2025-W36,122,381.82
PR000017,2025-W37,149,472.82
PR000017,2025-W38,155,496.84
PR000017,2025-W39,163,554.23
PR000017,2025-W40,150,508.98
PR000017,2025-W41,108,365.27
PR000017,2025-W42,112,372.88
PR000017,2025-W43,67,234.06
PR000017,2025-W44,67,221.8
PR000017,2025-W45,103,368.53
PR000017,2025-W46,70,230.07
PR000017,2025-W47,101,322.56
PR000017,2025-W48,92,370.52
PR000017,2025-W49,87,263.88
PR000017,2025-W50,82,275.91
PR000017,2025-W51,79,277.18
PR000017,2025-W52,47,181.53
PR000017,2026-W01,63,225.49
PR000017,2026-W02,111,376.95
PR000017,2026-W03,97,347.91
PR000017,2026-W04,64,220.07
PR000017,2026-W05,58,196.81
PR000017,2026-W06,80,262.18
PR000017,2026-W07,126,396.89
PR000017,2026-W08,13,35.22
PR000018,2025-W20,1,0.01
PR000018,2025-W21,16,43.5
PR000018,2025-W22,7,12.07
PR000018,2025-W23,4,1.04
PR000018,2025-W24,8,12.07
PR000018,2025-W25,12,2.12
PR000018,2025-W26,12,1.12
PR000018,2025-W27,54,160.51
PR000018,2025-W28,55,177.85
PR000018,2025-W29,53,163.49
PR000018,2025-W30,62,199.49
PR000018,2025-W31,69,241.71
PR000018,2025-W32,95,281.2
PR000018,2025-W33,83,268.78
PR000018,2025-W34,95,303.64
PR000018,2025-W35,161,507.81
PR000018,2025-W36,191,618.41
PR000018,2025-W37,205,657.19
PR000018,2025-W38,246,782.05
PR000018,2025-W39,239,790.25
PR000018,2025-W40,250,847.93
PR000018,2025-W41,320,1056.58
PR000018,2025-W42,372,1280.91
PR000018,2025-W43,331,1122.95
PR000018,2025-W44,307,1020.65
PR000018,2025-W45,341,1145.02
PR000018,2025-W46,402,1334.21
PR000018,2025-W47,385,1220.4
PR000018,2025-W48,366,1210.42
PR000018,2025-W49,550,1720.45
PR000018,2025-W50,592,1994.87
PR000018,2025-W51,645,2204.99
PR000018,2025-W52,505,1802.67
PR000018,2026-W01,556,1944.13
PR000018,2026-W02,566,1865.08
PR000018,2026-W03,553,1911.36
PR000018,2026-W04,497,1696.26
PR000018,2026-W05,474,1630.17
PR000018,2026-W06,583,1962.87
PR000018,2026-W07,527,1761.82
PR000018,2026-W08,59,187.33
PR000019,2025-W21,3,2.53
PR000019,2025-W22,4,17.04
PR000019,2025-W23,2,1.02
PR000019,2025-W24,4,1.44
PR000019,2025-W25,9,2.64
PR000019,2025-W26,14,2.74
PR000019,2025-W27,39,115.02
PR000019,2025-W28,34,111.46
PR000019,2025-W29,30,97.22
PR000019,2025-W30,39,140.34
PR000019,2025-W31,44,129.97
PR000019,2025-W32,44,135.82
PR000019,2025-W33,34,110.36
PR000019,2025-W34,91,299.18
PR000019,2025-W35,104,329.88
PR000019,2025-W36,107,352.2
PR000019,2025-W37,135,449.84
PR000019,2025-W38,147,471.15
PR000019,2025-W39,111,380.6
PR000019,2025-W40,156,562.41
PR000019,2025-W41,173,612.74
PR000019,2025-W42,180,604.86
PR000019,2025-W43,169,620.02
PR000019,2025-W44,166,576.51
PR000019,2025-W45,153,518.55
PR000019,2025-W46,170,532.72
PR000019,2025-W47,207,675.97
PR000019,2025-W48,202,661.41
PR000019,2025-W49,281,862.1
PR000019,2025-W50,293,954.62
PR000019,2025-W51,332,1079.69
PR000019,2025-W52,226,728.32
PR000019,2026-W01,268,847.69
PR000019,2026-W02,311,982.6
PR000019,2026-W03,261,897.5
PR000019,2026-W04,268,929.0
PR000019,2026-W05,251,891.69
PR000019,2026-W06,289,976.04
PR000019,2026-W07,296,1002.84
PR000019,2026-W08,33,106.27
PR000020,2025-W20,2,0.02
PR000020,2025-W21,12,56.24
PR000020,2025-W22,7,10.07
PR000020,2025-W23,3,6.03
PR000020,2025-W24,9,14.38
PR000020,2025-W25,11,2.51
PR000020,2025-W26,10,1.1
PR000020,2025-W27,64,160.12
PR000020,2025-W28,63,187.58
PR000020,2025-W29,58,176.41
PR000020,2025-W30,69,213.69
PR000020,2025-W31,44,134.18
PR000020,2025-W32,60,184.95
PR000020,2025-W33,43,133.9
PR000020,2025-W34,38,126.51
PR000020,2025-W35,68,200.81
PR000020,2025-W36,96,309.07
PR000020,2025-W37,73,242.37
PR000020,2025-W38,67,194.43
PR000020,2025-W39,86,281.93
PR000020,2025-W40,62,211.51
PR000020,2025-W41,50,164.65
PR000020,2025-W42,40,139.93
PR000020,2025-W43,40,129.29
PR000020,2025-W44,26,80.47
PR000020,2025-W45,55,179.89
PR000020,2025-W46,26,84.44
PR000020,2025-W47,39,118.95
PR000020,2025-W48,36,108.04
PR000020,2025-W49,22,63.38
PR000020,2025-W50,26,86.43
PR000020,2025-W51,34,109.17
PR000020,2025-W52,21,71.02
PR000020,2026-W01,20,58.01
PR000020,2026-W02,61,203.24
PR000020,2026-W03,44,147.88
PR000020,2026-W04,20,65.59
PR000020,2026-W05,20,71.04
PR000020,2026-W06,30,97.77
PR000020,2026-W07,52,177.34
PR000020,2026-W08,4,11.6
PR000021,2025-W20,19,32.19
PR000021,2025-W21,27,75.29
PR000021,2025-W22,20,20.7
PR000021,2025-W23,12,7.12
PR000021,2025-W24,13,21.19
PR000021,2025-W25,57,7.41
PR000021,2025-W26,60,41.08
PR000021,2025-W27,3527,9368.4
PR000021,2025-W28,2750,7626.05
PR000021,2025-W29,2237,6607.16
PR000021,2025-W30,2355,7062.79
PR000021,2025-W31,2225,6702.97
PR000021,2025-W32,2366,7233.81
PR000021,2025-W33,1990,6256.72
PR000021,2025-W34,2011,6518.73
PR000021,2025-W35,2762,8847.65
PR000021,2025-W36,2640,8455.77
PR000021,2025-W37,3249,10828.66
PR000021,2025-W38,3186,11107.04
PR000021,2025-W39,3249,11478.88
PR000021,2025-W40,3041,10691.31
PR000021,2025-W41,2415,8610.66
PR000021,2025-W42,2102,7513.52
PR000021,2025-W43,1962,7246.71
PR000021,2025-W44,1683,5967.49
PR000021,2025-W45,1872,6452.78
PR000021,2025-W46,1283,4473.07
PR000021,2025-W47,1414,4644.15
PR000021,2025-W48,1549,5320.24
PR000021,2025-W49,1804,5899.44
PR000021,2025-W50,1347,4490.17
PR000021,2025-W51,1981,6186.35
PR000021,2025-W52,1384,4518.26
PR000021,2026-W01,1389,4578.83
PR000021,2026-W02,2085,6733.26
PR000021,2026-W03,1859,6488.34
PR000021,2026-W04,1347,4672.35
PR000021,2026-W05,1109,3943.28
PR000021,2026-W06,1517,5365.35
PR000021,2026-W07,2002,6853.97
PR000021,2026-W08,241,822.36
PR000022,2025-W20,19,21.19
PR000022,2025-W21,7,12.51
PR000022,2025-W22,3,3.03
PR000022,2025-W23,2,2.02
PR000022,2025-W24,5,5.05
PR000022,2025-W25,3,0.53
PR000022,2025-W26,11,2.61
PR000022,2025-W27,93,264.81
PR000022,2025-W28,69,213.92
PR000022,2025-W29,62,199.75
PR000022,2025-W30,67,206.13
PR000022,2025-W31,50,163.26
PR000022,2025-W32,60,192.86
PR000022,2025-W33,49,159.76
PR000022,2025-W34,142,476.15
PR000022,2025-W35,227,671.64
PR000022,2025-W36,231,707.13
PR000022,2025-W37,326,1040.6
PR000022,2025-W38,322,1043.63
PR000022,2025-W39,296,982.21
PR000022,2025-W40,359,1170.7
PR000022,2025-W41,490,1555.63
PR000022,2025-W42,568,1892.03
PR000022,2025-W43,668,2269.8
PR000022,2025-W44,631,2094.11
PR000022,2025-W45,596,1957.47
PR000022,2025-W46,647,2151.74
PR000022,2025-W47,752,2435.7
PR000022,2025-W48,834,2708.43
PR000022,2025-W49,1113,3580.94
PR000022,2025-W50,1051,3514.16
PR000022,2025-W51,1184,3812.57
PR000022,2025-W52,1070,3498.95
PR000022,2026-W01,1125,3641.2
PR000022,2026-W02,926,3075.19
PR000022,2026-W03,969,3257.68
PR000022,2026-W04,887,3012.68
PR000022,2026-W05,859,3032.15
PR000022,2026-W06,978,3386.59
PR000022,2026-W07,954,3197.87
PR000022,2026-W08,101,326.84
PR000023,2025-W20,2,0.02
PR000023,2025-W21,20,52.34
PR000023,2025-W22,14,14.64
PR000023,2025-W23,6,6.06
PR000023,2025-W24,13,16.77
PR000023,2025-W25,41,2.41
PR000023,2025-W26,35,1.35
PR000023,2025-W27,824,2200.3
PR000023,2025-W28,760,2124.75
PR000023,2025-W29,708,2113.39
PR000023,2025-W30,730,2273.16
PR000023,2025-W31,835,2592.75
PR000023,2025-W32,780,2519.61
PR000023,2025-W33,631,2010.95
PR000023,2025-W34,709,2377.35
PR000023,2025-W35,895,2881.55
PR000023,2025-W36,954,3092.94
PR000023,2025-W37,1262,4266.5
PR000023,2025-W38,1489,5386.47
PR000023,2025-W39,1404,5202.64
PR000023,2025-W40,1234,4612.13
PR000023,2025-W41,949,3514.38
PR000023,2025-W42,832,3031.63
PR000023,2025-W43,744,2855.17
PR000023,2025-W44,620,2266.93
PR000023,2025-W45,650,2387.01
PR000023,2025-W46,485,1721.95
PR000023,2025-W47,524,1839.45
PR000023,2025-W48,505,1842.51
PR000023,2025-W49,648,2476.71
PR000023,2025-W50,607,2417.08
PR000023,2025-W51,788,3231.32
PR000023,2025-W52,474,1962.26
PR000023,2026-W01,501,2109.27
PR000023,2026-W02,830,2938.2
PR000023,2026-W03,705,2653.24
PR000023,2026-W04,480,1807.84
PR000023,2026-W05,479,1881.51
PR000023,2026-W06,624,2419.17
PR000023,2026-W07,664,2411.64
PR000023,2026-W08,73,254.5
PR000024,2025-W20,1,0.01
PR000024,2025-W21,3,14.41
PR000024,2025-W22,2,2.02
PR000024,2025-W23,2,6.46
PR000024,2025-W24,11,8.51
PR000024,2025-W25,8,2.38
PR000024,2025-W26,6,1.06
PR000024,2025-W27,32,80.36
PR000024,2025-W28,29,88.45
PR000024,2025-W29,33,108.41
PR000024,2025-W30,28,86.15
PR000024,2025-W31,28,81.68
PR000024,2025-W32,39,139.77
PR000024,2025-W33,30,106.84
PR000024,2025-W34,82,256.21
PR000024,2025-W35,138,440.27
PR000024,2025-W36,160,497.94
PR000024,2025-W37,229,734.79
PR000024,2025-W38,245,804.06
PR000024,2025-W39,200,669.16
PR000024,2025-W40,220,760.66
PR000024,2025-W41,256,852.5
PR000024,2025-W42,369,1293.72
PR000024,2025-W43,370,1322.51
PR000024,2025-W44,359,1253.12
PR000024,2025-W45,311,1050.02
PR000024,2025-W46,355,1252.42
PR000024,2025-W47,377,1239.53
PR000024,2025-W48,376,1304.37
PR000024,2025-W49,552,1937.75
PR000024,2025-W50,711,2686.61
PR000024,2025-W51,639,2358.47
PR000024,2025-W52,540,2163.74
PR000024,2026-W01,599,2363.14
PR000024,2026-W02,579,2099.5
PR000024,2026-W03,551,2016.79
PR000024,2026-W04,524,1945.67
PR000024,2026-W05,540,2011.7
PR000024,2026-W06,651,2442.01
PR000024,2026-W07,509,1861.32
PR000024,2026-W08,58,209.55
PR000025,2025-W20,1,0.01
PR000025,2025-W21,16,3.16
PR000025,2025-W22,7,7.07
PR000025,2025-W23,4,5.48
PR000025,2025-W24,10,11.44
PR000025,2025-W25,12,5.25
PR000025,2025-W26,19,2.19
PR000025,2025-W27,43,118.33
PR000025,2025-W28,37,104.93
PR000025,2025-W29,53,160.42
PR000025,2025-W30,53,153.65
PR000025,2025-W31,49,147.08
PR000025,2025-W32,56,170.58
PR000025,2025-W33,44,140.57
PR000025,2025-W34,53,161.48
PR000025,2025-W35,51,142.39
PR000025,2025-W36,54,172.29
PR000025,2025-W37,62,218.76
PR000025,2025-W38,116,504.23
PR000025,2025-W39,143,591.71
PR000025,2025-W40,89,339.53
PR000025,2025-W41,82,330.4
PR000025,2025-W42,91,362.3
PR000025,2025-W43,55,245.07
PR000025,2025-W44,62,243.66
PR000025,2025-W45,48,164.88
PR000025,2025-W46,17,66.52
PR000025,2025-W47,70,241.58
PR000025,2025-W48,45,140.37
PR000025,2025-W49,46,152.95
PR000025,2025-W50,48,153.37
PR000025,2025-W51,49,165.83
PR000025,2025-W52,23,75.04
PR000025,2026-W01,40,143.24
PR000025,2026-W02,70,228.51
PR000025,2026-W03,49,189.69
PR000025,2026-W04,38,131.18
PR000025,2026-W05,41,130.3
PR000025,2026-W06,57,179.74
PR000025,2026-W07,92,295.84
PR000025,2026-W08,8,25.81
PR000026,2025-W20,1,0.01
PR000026,2025-W21,5,5.55
PR000026,2025-W22,7,13.07
PR000026,2025-W23,3,10.91
PR000026,2025-W24,7,2.96
PR000026,2025-W25,9,1.59
PR000026,2025-W26,15,2.15
PR000026,2025-W27,10,25.51
PR000026,2025-W28,3,13.62
PR000026,2025-W29,4,9.97
PR000026,2025-W30,7,21.51
PR000026,2025-W31,11,41.73
PR000026,2025-W32,14,53.9
PR000026,2025-W33,11,35.35
PR000026,2025-W34,25,79.7
PR000026,2025-W35,15,49.83
PR000026,2025-W36,19,63.09
PR000026,2025-W37,26,76.4
PR000026,2025-W38,38,113.78
PR000026,2025-W39,35,103.78
PR000026,2025-W40,45,144.54
PR000026,2025-W41,86,263.44
PR000026,2025-W42,189,575.13
PR000026,2025-W43,214,649.57
PR000026,2025-W44,267,810.92
PR000026,2025-W45,145,425.34
PR000026,2025-W46,140,412.52
PR000026,2025-W47,295,866.11
PR000026,2025-W48,379,1108.17
PR000026,2025-W49,410,1248.72
PR000026,2025-W50,462,1440.88
PR000026,2025-W51,478,1502.03
PR000026,2025-W52,435,1424.71
PR000026,2026-W01,488,1616.84
PR000026,2026-W02,232,712.15
PR000026,2026-W03,219,727.09
PR000026,2026-W04,261,826.07
PR000026,2026-W05,299,988.05
PR000026,2026-W06,261,873.38
PR000026,2026-W07,226,757.78
PR000026,2026-W08,21,68.46
PR000027,2025-W20,3,0.03
PR000027,2025-W21,8,3.08
PR000027,2025-W22,13,8.13
PR000027,2025-W23,5,15.23
PR000027,2025-W24,11,8.05
PR000027,2025-W25,26,2.51
PR000027,2025-W26,57,42.23
PR000027,2025-W27,862,2318.27
PR000027,2025-W28,867,2447.4
PR000027,2025-W29,948,2871.68
PR000027,2025-W30,940,2989.34
PR000027,2025-W31,794,2592.89
PR000027,2025-W32,959,3014.76
PR000027,2025-W33,788,2610.9
PR000027,2025-W34,658,2202.3
PR000027,2025-W35,291,1011.22
PR000027,2026-W02,2,13.23
PR000027,2026-W03,1,5.88
PR000027,2026-W05,3,19.11
PR000029,2025-W20,1,0.01
PR000029,2025-W21,3,0.03
PR000029,2025-W22,1,0.01
PR000029,2025-W23,3,0.03
PR000029,2025-W24,4,0.04
PR000029,2025-W25,8,2.58
PR000029,2025-W26,7,1.07
PR000029,2025-W27,43,116.59
PR000029,2025-W28,30,91.63
PR000029,2025-W29,32,90.89
PR000029,2025-W30,33,111.02
PR000029,2025-W31,26,78.64
PR000029,2025-W32,31,106.32
PR000029,2025-W33,19,68.19
PR000029,2025-W34,55,181.93
PR000029,2025-W35,37,125.38
PR000029,2025-W50,1,6.75
PR000029,2026-W02,1,5.9
PR000030,2025-W20,1,1.01
PR000030,2025-W21,3,3.03
PR000030,2025-W22,1,1.01
PR000030,2025-W23,3,3.03
PR000030,2025-W24,3,3.93
PR000030,2025-W25,14,15.68
PR000030,2025-W26,16,1.16
PR000030,2025-W27,735,1942.89
PR000030,2025-W28,708,1958.48
PR000030,2025-W29,551,1662.9
PR000030,2025-W30,518,1691.49
PR000030,2025-W31,1066,3222.68
PR000030,2025-W32,1212,3657.54
PR000030,2025-W33,976,3107.39
PR000030,2025-W34,939,2861.35
PR000030,2025-W35,507,1465.25
PR000030,2025-W36,3,17.25
PR000030,2026-W02,1,6.4
PR000031,2025-W21,1,0.01
PR000031,2025-W22,9,4.59
PR000031,2025-W23,2,6.26
PR000031,2025-W24,19,7.22
PR000031,2025-W25,36,4.82
PR000031,2025-W26,16,11.14
PR000031,2025-W27,325,875.33
PR000031,2025-W28,417,1164.28
PR000031,2025-W29,374,1103.22
PR000031,2025-W30,471,1371.51
PR000031,2025-W31,528,1598.26
PR000031,2025-W32,511,1578.29
PR000031,2025-W33,506,1566.76
PR000031,2025-W34,411,1281.08
PR000031,2025-W35,556,1764.91
PR000031,2025-W36,721,2216.46
PR000031,2025-W37,825,2551.95
PR000031,2025-W38,910,2917.52
PR000031,2025-W39,843,2708.84
PR000031,2025-W40,836,2664.93
PR000031,2025-W41,621,1993.06
PR000031,2025-W42,614,2015.13
PR000031,2025-W43,559,1831.98
PR000031,2025-W44,588,1848.39
PR000031,2025-W45,613,2007.64
PR000031,2025-W46,487,1586.24
PR000031,2025-W47,561,1789.24
PR000031,2025-W48,411,1276.05
PR000031,2025-W49,606,1912.85
PR000031,2025-W50,534,1676.66
PR000031,2025-W51,550,1714.59
PR000031,2025-W52,311,974.55
PR000031,2026-W01,391,1232.15
PR000031,2026-W02,777,2385.43
PR000031,2026-W03,787,2556.01
PR000031,2026-W04,601,1928.78
PR000031,2026-W05,481,1571.66
PR000031,2026-W06,719,2308.99
PR000031,2026-W07,810,2576.43
PR000031,2026-W08,97,299.6
PR000032,2025-W22,3,4.53
PR000032,2025-W23,1,0.01
PR000032,2025-W24,5,0.55
PR000032,2025-W25,12,2.37
PR000032,2025-W26,11,5.83
PR000032,2025-W27,170,462.97
PR000032,2025-W28,131,399.25
PR000032,2025-W29,103,299.25
PR000032,2025-W30,190,593.3
PR000032,2025-W31,120,376.02
PR000032,2025-W32,116,377.92
PR000032,2025-W33,97,318.85
PR000032,2025-W34,112,363.92
PR000032,2025-W35,143,455.05
PR000032,2025-W36,177,581.43
PR000032,2025-W37,161,535.2
PR000032,2025-W38,169,584.07
PR000032,2025-W39,199,717.03
PR000032,2025-W40,201,733.15
PR000032,2025-W41,117,451.57
PR000032,2025-W42,148,589.73
PR000032,2025-W43,127,476.34
PR000032,2025-W44,134,529.53
PR000032,2025-W45,147,543.39
PR000032,2025-W46,86,329.31
PR000032,2025-W47,131,463.12
PR000032,2025-W48,117,403.97
PR000032,2025-W49,151,545.26
PR000032,2025-W50,142,510.91
PR000032,2025-W51,168,641.96
PR000032,2025-W52,134,475.56
PR000032,2026-W01,119,412.39
PR000032,2026-W02,157,529.72
PR000032,2026-W03,140,521.49
PR000032,2026-W04,132,523.35
PR000032,2026-W05,116,455.0
PR000032,2026-W06,1,7.38
PR000033,2025-W22,5,8.55
PR000033,2025-W23,2,0.52
PR000033,2025-W24,10,1.2
PR000033,2025-W25,19,3.69
PR000033,2025-W26,13,2.63
PR000033,2025-W27,851,2237.53
PR000033,2025-W28,583,1632.97
PR000033,2025-W29,502,1510.28
PR000033,2025-W30,450,1368.31
PR000033,2025-W31,486,1479.87
PR000033,2025-W32,423,1311.67
PR000033,2025-W33,343,1061.18
PR000033,2025-W34,324,1008.98
PR000033,2025-W35,492,1522.28
PR000033,2025-W36,526,1635.92
PR000033,2025-W37,464,1506.16
PR000033,2025-W38,451,1477.14
PR000033,2025-W39,422,1361.66
PR000033,2025-W40,393,1277.94
PR000033,2025-W41,276,928.43
PR000033,2025-W42,249,835.06
PR000033,2025-W43,212,751.85
PR000033,2025-W44,186,638.64
PR000033,2025-W45,224,749.61
PR000033,2025-W46,152,522.62
PR000033,2025-W47,169,570.63
PR000033,2025-W48,191,607.89
PR000033,2025-W49,215,700.49
PR000033,2025-W50,181,597.69
PR000033,2025-W51,225,721.72
PR000033,2025-W52,166,525.64
PR000033,2026-W01,139,432.98
PR000033,2026-W02,230,675.46
PR000033,2026-W03,182,611.73
PR000033,2026-W04,130,441.58
PR000033,2026-W05,141,465.12
PR000034,2025-W22,1,2.01
PR000034,2025-W23,1,6.75
PR000034,2025-W24,3,0.03
PR000034,2025-W25,11,2.11
PR000034,2025-W26,7,0.57
PR000034,2025-W27,69,175.7
PR000034,2025-W28,79,232.48
PR000034,2025-W29,61,195.31
PR000034,2025-W30,93,282.73
PR000034,2025-W31,65,216.6
PR000034,2025-W32,62,198.68
PR000034,2025-W33,56,187.0
PR000034,2025-W34,57,184.59
PR000034,2025-W35,75,230.38
PR000034,2025-W36,71,232.61
PR000034,2025-W37,76,260.14
PR000034,2025-W38,88,308.5
PR000034,2025-W39,76,285.51
PR000034,2025-W40,55,190.76
PR000034,2025-W41,48,169.43
PR000034,2025-W42,39,135.78
PR000034,2025-W43,48,189.9
PR000034,2025-W44,54,187.33
PR000034,2025-W45,47,185.92
PR000034,2025-W46,36,143.2
PR000034,2025-W47,33,120.95
PR000034,2025-W48,41,122.37
PR000034,2025-W49,65,228.35
PR000034,2025-W50,48,154.56
PR000034,2025-W51,49,186.58
PR000034,2025-W52,40,142.86
PR000034,2026-W01,40,140.08
PR000034,2026-W02,54,173.96
PR000034,2026-W03,52,216.72
PR000034,2026-W04,28,111.39
PR000034,2026-W05,10,38.86
PR000035,2025-W20,2,6.96
PR000035,2025-W21,18,19.62
PR000035,2025-W22,10,12.1
PR000035,2025-W23,4,6.98
PR000035,2025-W24,7,1.26
PR000035,2025-W25,5,1.55
PR000035,2025-W26,13,7.87
PR000035,2025-W27,161,456.77
PR000035,2025-W28,144,429.4
PR000035,2025-W29,133,411.19
PR000035,2025-W30,430,1373.1
PR000035,2025-W31,164,514.5
PR000035,2025-W32,130,424.12
PR000035,2025-W33,183,582.01
PR000035,2025-W34,169,554.86
PR000035,2025-W35,184,591.65
PR000035,2025-W36,227,771.06
PR000035,2025-W37,246,861.55
PR000035,2025-W38,296,1009.11
PR000035,2025-W39,295,1062.24
PR000035,2025-W40,249,907.27
PR000035,2025-W41,182,692.48
PR000035,2025-W42,165,599.86
PR000035,2025-W43,181,673.37
PR000035,2025-W44,183,692.57
PR000035,2025-W45,181,697.55
PR000035,2025-W46,134,532.91
PR000035,2025-W47,175,664.55
PR000035,2025-W48,145,531.17
PR000035,2025-W49,74,296.83
PR000035,2025-W50,1,1.99
PR000035,2025-W51,129,426.83
PR000035,2025-W52,89,333.58
PR000035,2026-W01,99,377.21
PR000035,2026-W02,208,720.67
PR000035,2026-W03,170,646.81
PR000035,2026-W04,161,615.02
PR000035,2026-W05,104,392.34
PR000035,2026-W06,237,927.75
PR000035,2026-W07,270,1009.09
PR000035,2026-W08,23,105.39
PR000036,2025-W20,1,0.01
PR000036,2025-W21,19,49.83
PR000036,2025-W22,12,13.12
PR000036,2025-W23,5,6.99
PR000036,2025-W24,12,1.9
PR000036,2025-W25,3,1.53
PR000036,2025-W26,11,2.71
PR000036,2025-W27,209,567.63
PR000036,2025-W28,183,505.67
PR000036,2025-W29,158,484.34
PR000036,2025-W30,236,724.71
PR000036,2025-W31,155,478.19
PR000036,2025-W32,134,425.02
PR000036,2025-W33,141,445.16
PR000036,2025-W34,111,362.65
PR000036,2025-W35,163,511.02
PR000036,2025-W36,188,596.48
PR000036,2025-W37,217,702.17
PR000036,2025-W38,255,835.03
PR000036,2025-W39,221,737.92
PR000036,2025-W40,214,716.69
PR000036,2025-W41,158,510.89
PR000036,2025-W42,143,477.24
PR000036,2025-W43,135,470.77
PR000036,2025-W44,56,190.56
PR000036,2025-W45,176,659.35
PR000036,2025-W46,149,509.62
PR000036,2025-W47,170,571.05
PR000036,2025-W48,161,520.6
PR000036,2025-W49,180,591.7
PR000036,2025-W50,162,566.08
PR000036,2025-W51,198,612.88
PR000036,2025-W52,108,364.7
PR000036,2026-W01,130,426.56
PR000036,2026-W02,215,652.47
PR000036,2026-W03,185,640.35
PR000036,2026-W04,149,526.94
PR000036,2026-W05,142,471.91
PR000036,2026-W06,218,749.16
PR000036,2026-W07,276,883.94
PR000036,2026-W08,30,103.61
PR000037,2025-W20,1,0.01
PR000037,2025-W21,2,0.02
PR000037,2025-W23,6,8.4
PR000037,2025-W24,4,0.04
PR000037,2025-W25,9,2.09
PR000037,2025-W26,14,1.14
PR000037,2025-W27,23,70.89
PR000037,2025-W28,17,49.02
PR000037,2025-W29,23,70.61
PR000037,2025-W30,37,121.03
PR000037,2025-W31,45,142.21
PR000037,2025-W32,54,175.65
PR000037,2025-W33,28,91.17
PR000037,2025-W34,83,261.59
PR000037,2025-W35,37,127.76
PR000038,2025-W21,5,1.05
PR000038,2025-W22,4,1.04
PR000038,2025-W23,1,0.01
PR000038,2025-W24,5,2.15
PR000038,2025-W25,16,12.2
PR000038,2025-W26,23,2.42
PR000038,2025-W27,151,401.66
PR000038,2025-W28,162,476.06
PR000038,2025-W29,118,396.42
PR000038,2025-W30,122,401.02
PR000038,2025-W31,125,400.13
PR000038,2025-W32,130,422.16
PR000038,2025-W33,115,367.8
PR000038,2025-W34,119,374.91
PR000038,2025-W35,61,204.43
PR000039,2025-W21,4,0.04
PR000039,2025-W22,1,0.01
PR000039,2025-W23,7,19.95
PR000039,2025-W24,14,10.58
PR000039,2025-W25,14,2.64
PR000039,2025-W26,19,1.19
PR000039,2025-W27,352,892.05
PR000039,2025-W28,369,1050.49
PR000039,2025-W29,427,1274.16
PR000039,2025-W30,352,1144.63
PR000039,2025-W31,422,1339.68
PR000039,2025-W32,377,1234.92
PR000039,2025-W33,308,1020.65
PR000039,2025-W34,269,965.64
PR000039,2025-W35,412,1364.97
PR000039,2025-W36,291,1098.24
PR000039,2025-W37,647,3086.57
PR000039,2025-W38,446,1571.48
PR000039,2025-W39,352,1248.91
PR000039,2025-W40,354,1314.4
PR000039,2025-W41,260,966.17
PR000039,2025-W42,190,710.77
PR000039,2025-W43,163,597.17
PR000039,2025-W44,98,343.04
PR000039,2025-W45,232,765.4
PR000039,2025-W46,154,531.38
PR000039,2025-W47,222,695.21
PR000039,2025-W48,212,706.31
PR000039,2025-W49,224,790.68
PR000039,2025-W50,245,871.16
PR000039,2025-W51,313,1065.61
PR000039,2025-W52,197,659.14
PR000039,2026-W01,231,799.99
PR000039,2026-W02,330,1146.09
PR000039,2026-W03,293,1139.29
PR000039,2026-W04,250,1022.29
PR000039,2026-W05,200,777.18
PR000039,2026-W06,295,1201.86
PR000039,2026-W07,279,1207.03
PR000039,2026-W08,43,187.35
PR000040,2025-W21,3,1.03
PR000040,2025-W22,1,0.01
PR000040,2025-W23,4,0.04
PR000040,2025-W24,7,0.57
PR000040,2025-W25,12,11.56
PR000040,2025-W26,4,1.04
PR000041,2025-W22,3,0.53
PR000041,2025-W23,5,6.79
PR000041,2025-W24,5,6.79
PR000041,2025-W25,16,2.66
PR000041,2025-W26,22,55.1
PR000041,2025-W27,151,457.03
PR000041,2025-W28,175,534.06
PR000041,2025-W29,128,387.9
PR000041,2025-W30,150,472.33
PR000041,2025-W31,151,468.73
PR000041,2025-W32,193,602.82
PR000041,2025-W33,196,668.29
PR000041,2025-W34,147,449.22
PR000041,2025-W35,202,626.76
PR000041,2025-W36,190,607.38
PR000041,2025-W37,144,475.58
PR000041,2025-W38,161,564.13
PR000041,2025-W39,135,461.88
PR000041,2025-W40,127,420.13
PR000041,2025-W41,100,342.66
PR000041,2025-W42,89,312.6
PR000041,2025-W43,79,266.05
PR000041,2025-W44,64,219.35
PR000041,2025-W45,54,205.38
PR000041,2025-W46,15,50.99
PR000041,2025-W47,24,77.59
PR000041,2025-W48,66,208.3
PR000041,2025-W49,79,259.53
PR000041,2025-W50,67,231.66
PR000041,2025-W51,120,375.17
PR000041,2025-W52,79,272.74
PR000041,2026-W01,86,297.12
PR000041,2026-W02,101,324.51
PR000041,2026-W03,117,419.4
PR000041,2026-W04,78,273.9
PR000041,2026-W05,70,247.33
PR000042,2025-W22,4,3.04
PR000042,2025-W23,5,13.53
PR000042,2025-W24,7,7.31
PR000042,2025-W25,13,3.63
PR000042,2025-W26,20,43.92
PR000042,2025-W27,184,508.38
PR000042,2025-W28,171,510.95
PR000042,2025-W29,131,425.89
PR000042,2025-W30,126,413.43
PR000042,2025-W31,134,426.84
PR000042,2025-W32,138,417.77
PR000042,2025-W33,166,562.94
PR000042,2025-W34,113,353.59
PR000042,2025-W35,165,537.42
PR000042,2025-W36,135,458.3
PR000042,2025-W37,127,442.11
PR000042,2025-W38,129,459.9
PR000042,2025-W39,119,406.26
PR000042,2025-W40,111,409.66
PR000042,2025-W41,88,341.37
PR000042,2025-W42,94,346.69
PR000042,2025-W43,65,226.27
PR000042,2025-W44,57,212.19
PR000042,2025-W45,96,343.59
PR000042,2025-W46,65,236.39
PR000042,2025-W47,70,269.01
PR000042,2025-W48,69,246.52
PR000042,2025-W49,62,208.28
PR000042,2025-W50,61,213.95
PR000042,2025-W51,95,344.51
PR000042,2025-W52,95,325.65
PR000042,2026-W01,66,217.74
PR000042,2026-W02,95,281.35
PR000042,2026-W03,76,294.74
PR000042,2026-W04,48,157.85
PR000042,2026-W05,51,172.33
PR000043,2025-W22,6,3.56
PR000043,2025-W23,10,12.58
PR000043,2025-W24,10,9.19
PR000043,2025-W25,29,8.89
PR000043,2025-W26,29,60.97
PR000043,2025-W27,664,1774.72
PR000043,2025-W28,580,1605.28
PR000043,2025-W29,521,1529.0
PR000043,2025-W30,405,1182.94
PR000043,2025-W31,331,1028.35
PR000043,2025-W32,444,1291.85
PR000043,2025-W33,455,1501.47
PR000043,2025-W34,336,1039.22
PR000043,2025-W35,323,999.1
PR000043,2025-W36,408,1262.81
PR000043,2025-W37,316,978.79
PR000043,2025-W38,276,879.25
PR000043,2025-W39,301,954.06
PR000043,2025-W40,286,911.27
PR000043,2025-W41,187,598.2
PR000043,2025-W42,206,654.59
PR000043,2025-W43,150,502.37
PR000043,2025-W44,162,535.26
PR000043,2025-W45,106,374.9
PR000043,2025-W47,160,481.18
PR000043,2025-W48,144,462.5
PR000043,2025-W49,123,372.18
PR000043,2025-W50,141,459.45
PR000043,2025-W51,183,578.45
PR000043,2025-W52,121,379.35
PR000043,2026-W01,78,246.82
PR000043,2026-W02,136,407.29
PR000043,2026-W03,168,536.61
PR000043,2026-W04,107,360.49
PR000043,2026-W05,124,415.86
PR000043,2026-W06,226,746.32
PR000043,2026-W07,243,763.11
PR000043,2026-W08,36,124.75
PR000044,2025-W22,3,0.53
PR000044,2025-W23,5,6.29
PR000044,2025-W24,6,1.16
PR000044,2025-W25,10,2.1
PR000044,2025-W26,23,59.54
PR000044,2025-W27,206,567.34
PR000044,2025-W28,169,495.76
PR000044,2025-W29,114,343.65
PR000044,2025-W30,133,423.32
PR000044,2025-W31,146,478.37
PR000044,2025-W32,162,530.04
PR000044,2025-W33,147,525.52
PR000044,2025-W34,120,389.06
PR000044,2025-W35,135,433.11
PR000044,2025-W36,156,505.45
PR000044,2025-W37,142,488.56
PR000044,2025-W38,118,401.57
PR000044,2025-W39,129,453.23
PR000044,2025-W40,90,318.21
PR000044,2025-W41,89,337.8
PR000044,2025-W42,84,282.83
PR000044,2025-W43,75,260.06
PR000044,2025-W44,85,305.14
PR000044,2025-W45,89,310.71
PR000044,2025-W46,86,295.32
PR000044,2025-W47,84,269.1
PR000044,2025-W48,65,232.56
PR000044,2025-W49,61,217.12
PR000044,2025-W50,56,173.02
PR000044,2025-W51,93,313.13
PR000044,2025-W52,53,162.33
PR000044,2026-W01,53,167.52
PR000044,2026-W02,77,247.36
PR000044,2026-W03,76,238.78
PR000044,2026-W04,26,90.74
PR000044,2026-W05,1,2.49
PR000045,2025-W20,1,0.01
PR000045,2025-W21,4,16.02
PR000045,2025-W22,4,4.04
PR000045,2025-W23,6,26.28
PR000045,2025-W24,7,2.57
PR000045,2025-W25,11,1.61
PR000045,2025-W26,13,0.13
PR000045,2025-W27,392,963.17
PR000045,2025-W28,381,1051.57
PR000045,2025-W29,304,935.19
PR000045,2025-W30,285,909.76
PR000045,2025-W31,276,857.9
PR000045,2025-W32,325,995.79
PR000045,2025-W33,294,893.64
PR000045,2025-W34,240,737.14
PR000045,2025-W35,352,1257.03
PR000045,2025-W36,265,869.57
PR000045,2025-W37,347,1253.38
PR000045,2025-W38,367,1332.37
PR000045,2025-W39,318,1191.75
PR000045,2025-W40,282,1073.89
PR000045,2025-W41,194,733.75
PR000045,2025-W42,148,564.73
PR000045,2025-W43,170,818.6
PR000045,2025-W44,148,677.59
PR000045,2025-W45,109,486.66
PR000045,2025-W46,91,433.02
PR000045,2025-W47,113,497.39
PR000045,2025-W48,99,377.25
PR000045,2025-W49,83,296.64
PR000045,2025-W50,87,355.71
PR000045,2025-W51,99,375.11
PR000045,2025-W52,55,237.02
PR000045,2026-W01,103,397.31
PR000045,2026-W02,144,526.76
PR000045,2026-W03,114,440.68
PR000045,2026-W04,67,277.17
PR000045,2026-W05,71,275.5
PR000045,2026-W06,98,397.52
PR000045,2026-W07,71,302.66
PR000045,2026-W08,10,40.34
PR000047,2025-W20,1,0.01
PR000047,2025-W21,4,21.26
PR000047,2025-W22,4,6.04
PR000047,2025-W23,4,5.04
PR000047,2025-W24,6,6.71
PR000047,2025-W25,6,1.56
PR000047,2025-W26,6,0.56
PR000047,2025-W27,31,74.83
PR000047,2025-W28,28,86.47
PR000047,2025-W29,31,85.03
PR000047,2025-W30,18,60.1
PR000047,2025-W31,19,55.41
PR000047,2025-W32,27,73.7
PR000047,2025-W33,27,99.81
PR000047,2025-W34,33,97.97
PR000047,2025-W35,33,100.3
PR000047,2025-W36,39,129.09
PR000047,2025-W37,83,262.85
PR000047,2025-W38,82,268.27
PR000047,2025-W39,54,197.71
PR000047,2025-W40,59,204.5
PR000047,2025-W41,72,260.61
PR000047,2025-W42,137,465.73
PR000047,2025-W43,102,358.36
PR000047,2025-W44,115,383.14
PR000047,2025-W45,88,310.29
PR000047,2025-W46,106,363.53
PR000047,2025-W47,105,318.86
PR000047,2025-W48,142,453.95
PR000047,2025-W49,168,545.44
PR000047,2025-W50,179,633.24
PR000047,2025-W51,203,681.96
PR000047,2025-W52,183,597.56
PR000047,2026-W01,246,864.47
PR000047,2026-W02,228,772.85
PR000047,2026-W03,161,586.77
PR000047,2026-W04,143,547.56
PR000047,2026-W05,149,586.61
PR000047,2026-W06,121,469.54
PR000047,2026-W07,123,449.92
PR000047,2026-W08,20,74.37
PR000048,2025-W20,1,0.01
PR000048,2025-W21,26,60.44
PR000048,2025-W22,17,23.17
PR000048,2025-W23,8,0.08
PR000048,2025-W24,9,8.83
PR000048,2025-W25,14,5.14
PR000048,2025-W26,22,8.44
PR000048,2025-W27,130,353.8
PR000048,2025-W28,102,305.25
PR000048,2025-W29,121,379.77
PR000048,2025-W30,112,362.27
PR000048,2025-W31,115,376.24
PR000048,2025-W32,151,447.63
PR000048,2025-W33,113,372.24
PR000048,2025-W34,98,304.22
PR000048,2025-W35,171,503.29
PR000048,2025-W36,144,456.79
PR000048,2025-W37,148,447.94
PR000048,2025-W38,145,484.4
PR000048,2025-W39,130,403.92
PR000048,2025-W40,151,531.68
PR000048,2025-W41,96,331.83
PR000048,2025-W42,119,408.43
PR000048,2025-W43,95,320.48
PR000048,2025-W44,71,237.52
PR000048,2025-W45,73,241.5
PR000048,2025-W46,44,155.02
PR000048,2025-W47,84,264.17
PR000048,2025-W48,101,346.1
PR000048,2025-W49,111,387.33
PR000048,2025-W50,86,285.74
PR000048,2025-W51,141,481.78
PR000048,2025-W52,96,345.55
PR000048,2026-W01,111,424.02
PR000048,2026-W02,112,396.59
PR000048,2026-W03,97,360.88
PR000048,2026-W04,73,255.46
PR000048,2026-W05,69,254.43
PR000048,2026-W06,107,385.56
PR000048,2026-W07,115,432.12
PR000048,2026-W08,18,68.43
PR000049,2025-W20,3,8.77
PR000049,2025-W21,15,17.15
PR000049,2025-W22,13,9.63
PR000049,2025-W23,8,6.82
PR000049,2025-W24,10,9.64
PR000049,2025-W25,16,4.16
PR000049,2025-W26,23,4.23
PR000049,2025-W27,254,672.78
PR000049,2025-W28,256,691.41
PR000049,2025-W29,176,525.75
PR000049,2025-W30,183,575.89
PR000049,2025-W31,130,397.0
PR000049,2025-W32,177,528.17
PR000049,2025-W33,184,537.88
PR000049,2025-W34,150,450.37
PR000049,2025-W35,60,182.77
PR000050,2025-W22,5,5.05
PR000050,2025-W24,6,2.06
PR000050,2025-W25,13,4.93
PR000050,2025-W26,20,4.6
PR000050,2025-W27,219,555.67
PR000050,2025-W28,204,578.32
PR000050,2025-W29,200,572.38
PR000050,2025-W30,214,674.82
PR000050,2025-W31,184,579.68
PR000050,2025-W32,366,1122.98
PR000050,2025-W33,329,1076.43
PR000050,2025-W34,282,868.18
PR000050,2025-W35,279,837.15
PR000050,2025-W36,288,963.19
PR000050,2025-W37,327,1106.65
PR000050,2025-W38,308,1045.5
PR000050,2025-W39,300,969.98
PR000050,2025-W40,245,849.09
PR000050,2025-W41,233,783.94
PR000050,2025-W42,203,689.0
PR000050,2025-W43,184,640.03
PR000050,2025-W44,199,651.19
PR000050,2025-W45,223,706.57
PR000050,2025-W46,206,680.3
PR000050,2025-W47,238,711.25
PR000050,2025-W48,204,608.49
PR000050,2025-W49,207,650.04
PR000050,2025-W50,217,766.11
PR000050,2025-W51,270,852.51
PR000050,2025-W52,188,612.0
PR000050,2026-W01,238,772.67
PR000050,2026-W02,272,887.86
PR000050,2026-W03,219,748.13
PR000050,2026-W04,157,547.86
PR000050,2026-W05,156,558.73
PR000050,2026-W06,247,906.8
PR000050,2026-W07,297,1026.41
PR000050,2026-W08,46,171.19
PR000051,2025-W20,1,0.01
PR000051,2025-W21,1,0.01
PR000051,2025-W22,12,14.12
PR000051,2025-W23,8,13.56
PR000051,2025-W24,11,16.25
PR000051,2025-W25,13,3.38
PR000051,2025-W26,15,1.45
PR000051,2025-W27,173,469.14
PR000051,2025-W28,135,388.61
PR000051,2025-W29,99,292.94
PR000051,2025-W30,124,373.13
PR000051,2025-W31,130,393.74
PR000051,2025-W32,196,595.85
PR000051,2025-W33,148,460.24
PR000051,2025-W34,129,419.37
PR000051,2025-W35,142,445.33
PR000051,2025-W36,210,688.61
PR000051,2025-W37,169,567.12
PR000051,2025-W38,155,523.87
PR000051,2025-W39,157,532.53
PR000051,2025-W40,145,484.55
PR000051,2025-W41,134,454.23
PR000051,2025-W42,126,417.76
PR000051,2025-W43,102,341.88
PR000051,2025-W44,100,325.84
PR000051,2025-W45,53,183.61
PR000051,2025-W47,31,92.53
PR000051,2025-W48,129,425.86
PR000051,2025-W49,96,328.75
PR000051,2025-W50,129,449.65
PR000051,2025-W51,151,503.52
PR000051,2025-W52,124,425.49
PR000051,2026-W01,82,294.73
PR000051,2026-W02,90,312.27
PR000051,2026-W03,153,531.33
PR000051,2026-W04,87,315.2
PR000051,2026-W05,66,253.85
PR000054,2025-W22,1,8.84
PR000055,2025-W22,1,8.84
PR000056,2025-W22,5,41.2
PR000060,2025-W24,1,0.4
PR000060,2026-W02,5,4.0
PR000060,2026-W03,1,0.8
PR000060,2026-W04,2,1.6
PR000060,2026-W05,2,1.8
PR000061,2025-W27,40,136.85
PR000061,2025-W28,29,98.6
PR000061,2025-W29,43,147.05
PR000061,2025-W30,36,122.4
PR000061,2025-W31,45,156.4
PR000061,2025-W32,51,173.4
PR000061,2025-W33,28,96.05
PR000061,2025-W34,50,172.55
PR000061,2025-W35,76,260.1
PR000062,2025-W27,43,130.5
PR000062,2025-W28,44,134.25
PR000062,2025-W29,35,105.0
PR000062,2025-W30,52,156.75
PR000062,2025-W31,39,119.25
PR000062,2025-W32,50,154.5
PR000062,2025-W33,28,85.5
PR000062,2025-W34,39,119.25
PR000062,2025-W35,36,110.25
PR000063,2025-W26,1,4.52
PR000063,2025-W27,134,605.68
PR000063,2025-W28,120,551.44
PR000063,2025-W29,99,452.0
PR000063,2025-W30,144,657.66
PR000063,2025-W31,147,670.09
PR000063,2025-W32,186,847.5
PR000063,2025-W33,145,657.66
PR000063,2025-W34,177,809.65
PR000063,2025-W35,203,979.77
PR000063,2025-W36,184,1049.29
PR000063,2025-W37,240,1381.08
PR000063,2025-W38,308,1778.39
PR000063,2025-W39,315,1822.5
PR000063,2025-W40,321,1844.43
PR000063,2025-W41,295,1702.09
PR000063,2025-W42,349,2009.47
PR000063,2025-W43,324,1858.53
PR000063,2025-W44,364,2089.66
PR000063,2025-W45,356,1955.79
PR000063,2025-W46,390,1901.03
PR000063,2025-W47,465,2250.78
PR000063,2025-W48,355,1703.36
PR000063,2025-W49,593,2820.44
PR000063,2025-W50,571,2714.02
PR000063,2025-W51,552,2594.18
PR000063,2025-W52,376,1799.12
PR000063,2026-W01,383,1832.47
PR000063,2026-W02,506,2398.15
PR000063,2026-W03,516,2449.57
PR000063,2026-W04,600,2864.39
PR000063,2026-W05,583,2750.16
PR000063,2026-W06,650,3025.78
PR000063,2026-W07,781,3622.09
PR000063,2026-W08,86,396.08
PR000064,2025-W26,1,3.96
PR000064,2025-W27,71,281.16
PR000064,2025-W28,76,303.93
PR000064,2025-W29,69,276.21
PR000064,2025-W30,52,211.86
PR000064,2025-W31,84,342.54
PR000064,2025-W32,100,397.98
PR000064,2025-W33,81,323.73
PR000064,2025-W34,76,307.89
PR000064,2025-W35,129,520.74
PR000065,2025-W26,1,1.96
PR000065,2025-W27,32,63.21
PR000065,2025-W28,29,56.84
PR000065,2025-W29,29,56.84
PR000065,2025-W30,33,65.66
PR000065,2025-W31,40,79.38
PR000065,2025-W32,49,96.04
PR000065,2025-W33,42,82.81
PR000065,2025-W34,32,62.72
PR000065,2025-W35,13,25.48
PR000066,2025-W26,7,6.5
PR000066,2025-W27,34,102.15
PR000066,2025-W28,24,84.95
PR000066,2025-W29,27,87.75
PR000066,2025-W30,35,114.8
PR000066,2025-W31,28,90.3
PR000066,2025-W32,42,142.45
PR000066,2025-W33,38,125.1
PR000066,2025-W34,32,102.0
PR000066,2025-W35,37,129.4
PR000068,2025-W37,432,2339.38
PR000068,2025-W38,268,978.36
PR000068,2025-W39,207,767.07
PR000068,2025-W40,172,658.31
PR000068,2025-W41,117,437.97
PR000068,2025-W42,98,383.56
PR000068,2025-W43,66,272.73
PR000068,2025-W44,44,170.31
PR000068,2025-W45,125,472.47
PR000068,2025-W46,89,368.34
PR000068,2025-W47,109,352.16
PR000068,2025-W48,113,391.98
PR000068,2025-W49,106,380.43
PR000068,2025-W50,86,352.87
PR000068,2025-W51,128,465.7
PR000068,2025-W52,86,343.78
PR000068,2026-W01,93,339.03
PR000068,2026-W02,161,640.19
PR000068,2026-W03,121,504.42
PR000068,2026-W04,79,304.05
PR000068,2026-W05,86,338.2
PR000068,2026-W06,124,467.79
PR000068,2026-W07,139,567.23
PR000068,2026-W08,9,46.33
PR000069,2025-W37,273,1058.96
PR000069,2025-W38,282,1079.19
PR000069,2025-W39,243,937.89
PR000069,2025-W40,195,780.03
PR000069,2025-W41,148,653.18
PR000069,2025-W42,127,579.44
PR000069,2025-W43,111,501.43
PR000069,2025-W44,65,241.29
PR000069,2025-W45,118,475.66
PR000069,2025-W46,94,435.77
PR000069,2025-W47,139,548.55
PR000069,2025-W48,130,501.89
PR000069,2025-W49,113,443.01
PR000069,2025-W50,100,398.9
PR000069,2025-W51,133,471.16
PR000069,2025-W52,96,353.27
PR000069,2026-W01,87,352.71
PR000069,2026-W02,116,415.21
PR000069,2026-W03,107,437.68
PR000069,2026-W04,84,329.39
PR000069,2026-W05,88,340.54
PR000069,2026-W06,118,478.8
PR000069,2026-W07,126,513.02
PR000069,2026-W08,16,71.72
PR000070,2025-W35,202,680.25
PR000070,2025-W36,276,905.68
PR000070,2025-W37,210,765.12
PR000070,2025-W38,244,873.52
PR000070,2025-W39,239,820.07
PR000070,2025-W40,237,874.96
PR000070,2025-W41,185,683.3
PR000070,2025-W42,160,626.12
PR000070,2025-W43,152,552.95
PR000070,2025-W44,136,497.65
PR000070,2025-W45,152,553.82
PR000070,2025-W46,133,511.74
PR000070,2025-W47,155,587.6
PR000070,2025-W48,106,376.43
PR000070,2025-W49,44,147.06
PR000070,2025-W51,112,399.39
PR000070,2025-W52,89,319.35
PR000070,2026-W01,111,370.76
PR000070,2026-W02,174,579.27
PR000070,2026-W03,154,533.51
PR000070,2026-W04,104,401.44
PR000070,2026-W05,92,334.19
PR000070,2026-W06,156,547.43
PR000070,2026-W07,174,623.34
PR000070,2026-W08,12,44.47
PR000071,2025-W35,1322,4242.76
PR000071,2025-W36,1773,5940.78
PR000071,2025-W37,1880,6483.87
PR000071,2025-W38,2183,7784.12
PR000071,2025-W39,2115,7648.58
PR000071,2025-W40,2078,7408.09
PR000071,2025-W41,1777,6567.23
PR000071,2025-W42,1735,6483.3
PR000071,2025-W43,1606,6001.05
PR000071,2025-W44,1364,4847.34
PR000071,2025-W45,1456,5232.7
PR000071,2025-W46,1035,3698.49
PR000071,2025-W47,1337,4483.74
PR000071,2025-W48,1237,4267.3
PR000071,2025-W49,1360,4536.58
PR000071,2025-W50,1274,4382.29
PR000071,2025-W51,1597,5235.43
PR000071,2025-W52,1015,3308.66
PR000071,2026-W01,988,3240.15
PR000071,2026-W02,1703,5333.24
PR000071,2026-W03,1407,4650.19
PR000071,2026-W04,1043,3577.54
PR000071,2026-W05,925,3236.63
PR000071,2026-W06,1292,4656.7
PR000071,2026-W07,1595,5410.59
PR000071,2026-W08,174,578.66
PR000072,2025-W35,130,447.61
PR000072,2025-W36,180,587.21
PR000072,2025-W37,198,643.55
PR000072,2025-W38,258,844.61
PR000072,2025-W39,264,899.19
PR000072,2025-W40,325,1163.54
PR000072,2025-W41,396,1440.42
PR000072,2025-W42,509,1784.15
PR000072,2025-W43,498,1785.81
PR000072,2025-W44,544,1827.97
PR000072,2025-W45,491,1718.73
PR000072,2025-W46,655,2300.78
PR000072,2025-W47,655,2155.64
PR000072,2025-W48,630,2080.4
PR000072,2025-W49,874,2841.29
PR000072,2025-W50,946,3221.4
PR000072,2025-W51,968,3180.73
PR000072,2025-W52,823,2652.27
PR000072,2026-W01,854,2734.86
PR000072,2026-W02,825,2632.42
PR000072,2026-W03,702,2332.05
PR000072,2026-W04,733,2559.69
PR000072,2026-W05,742,2646.39
PR000072,2026-W06,802,2813.03
PR000072,2026-W07,804,2743.13
PR000072,2026-W08,93,308.03
PR000073,2025-W35,1302,4385.94
PR000073,2025-W36,1608,5426.96
PR000073,2025-W37,1286,4547.14
PR000073,2025-W38,1313,4934.46
PR000073,2025-W39,1252,4489.34
PR000073,2025-W40,1150,4177.75
PR000073,2025-W41,892,3377.95
PR000073,2025-W42,674,2372.84
PR000073,2025-W43,636,2512.6
PR000073,2025-W44,548,2006.37
PR000073,2025-W45,615,2237.83
PR000073,2025-W46,402,1475.53
PR000073,2025-W47,517,1836.9
PR000073,2025-W48,492,1689.98
PR000073,2025-W49,539,1872.02
PR000073,2025-W50,451,1613.81
PR000073,2025-W51,676,2315.72
PR000073,2025-W52,477,1625.77
PR000073,2026-W01,419,1428.97
PR000073,2026-W02,694,2250.96
PR000073,2026-W03,542,1929.69
PR000073,2026-W04,362,1212.95
PR000073,2026-W05,323,1140.53
PR000073,2026-W06,417,1455.96
PR000073,2026-W07,553,1880.14
PR000073,2026-W08,71,249.55
PR000074,2025-W35,127,440.4
PR000074,2025-W36,165,545.68
PR000074,2025-W37,137,460.14
PR000074,2025-W38,169,573.84
PR000074,2025-W39,167,580.26
PR000074,2025-W40,177,597.27
PR000074,2025-W41,216,777.88
PR000074,2025-W42,212,770.28
PR000074,2025-W43,225,806.66
PR000074,2025-W44,220,736.53
PR000074,2025-W45,210,732.28
PR000074,2025-W46,223,736.88
PR000074,2025-W47,269,869.35
PR000074,2025-W48,295,945.15
PR000074,2025-W49,374,1246.19
PR000074,2025-W50,332,1156.38
PR000074,2025-W51,465,1514.26
PR000074,2025-W52,331,1058.87
PR000074,2026-W01,390,1258.6
PR000074,2026-W02,382,1285.54
PR000074,2026-W03,320,1152.97
PR000074,2026-W04,222,829.75
PR000074,2026-W05,225,849.54
PR000074,2026-W06,230,839.58
PR000074,2026-W07,244,845.2
PR000074,2026-W08,33,108.81
PR000075,2025-W35,301,995.72
PR000075,2025-W36,367,1159.56
PR000075,2025-W37,292,950.14
PR000075,2025-W38,340,1133.9
PR000075,2025-W39,373,1213.91
PR000075,2025-W40,349,1125.42
PR000075,2025-W41,228,813.74
PR000075,2025-W42,202,697.05
PR000075,2025-W43,202,725.87
PR000075,2025-W44,183,644.95
PR000075,2025-W45,207,764.67
PR000075,2025-W46,141,526.74
PR000075,2025-W47,176,571.84
PR000075,2025-W48,193,636.28
PR000075,2025-W49,159,516.38
PR000075,2025-W50,132,469.6
PR000075,2025-W51,245,797.24
PR000075,2025-W52,187,649.4
PR000075,2026-W01,160,526.65
PR000075,2026-W02,228,751.45
PR000075,2026-W03,195,672.11
PR000075,2026-W04,118,406.48
PR000075,2026-W05,110,399.9
PR000075,2026-W06,150,507.59
PR000075,2026-W07,219,737.61
PR000075,2026-W08,26,89.82
PR000076,2025-W35,18,103.5
PR000076,2025-W36,133,765.33
PR000076,2025-W37,138,801.04
PR000076,2025-W38,108,626.8
PR000076,2025-W39,182,1059.26
PR000076,2025-W40,175,1023.07
PR000076,2025-W41,163,945.37
PR000076,2025-W42,207,1198.37
PR000076,2025-W43,182,1056.36
PR000076,2025-W44,164,952.86
PR000076,2025-W45,174,949.37
PR000076,2025-W46,170,819.46
PR000076,2025-W47,202,964.33
PR000076,2025-W48,149,705.56
PR000076,2025-W49,214,1018.94
PR000076,2025-W50,287,1362.81
PR000076,2025-W51,300,1416.85
PR000076,2025-W52,198,950.54
PR000076,2026-W01,244,1183.86
PR000076,2026-W02,240,1139.72
PR000076,2026-W03,266,1272.55
PR000076,2026-W04,286,1363.98
PR000076,2026-W05,242,1140.28
PR000076,2026-W06,325,1529.53
PR000076,2026-W07,318,1497.35
PR000076,2026-W08,25,119.61
PR000077,2025-W35,16,87.2
PR000077,2025-W36,131,716.11
PR000077,2025-W37,164,901.9
PR000077,2025-W38,161,887.17
PR000077,2025-W39,180,992.88
PR000077,2025-W40,190,1050.62
PR000077,2025-W41,168,925.32
PR000077,2025-W42,199,1093.73
PR000077,2025-W43,203,1116.61
PR000077,2025-W44,201,1105.71
PR000077,2025-W45,169,877.39
PR000077,2025-W46,208,967.78
PR000077,2025-W47,234,1060.49
PR000077,2025-W48,182,816.74
PR000077,2025-W49,267,1216.34
PR000077,2025-W50,280,1257.8
PR000077,2025-W51,307,1402.74
PR000077,2025-W52,208,964.31
PR000077,2026-W01,253,1166.72
PR000077,2026-W02,233,1067.55
PR000077,2026-W03,222,1003.82
PR000077,2026-W04,220,1007.62
PR000077,2026-W05,205,932.96
PR000077,2026-W06,292,1322.64
PR000077,2026-W07,274,1222.07
PR000077,2026-W08,32,144.42
PR000078,2025-W35,11,57.75
PR000078,2025-W36,57,299.78
PR000078,2025-W37,68,361.77
PR000078,2025-W38,62,334.51
PR000078,2025-W39,104,559.25
PR000078,2025-W40,98,522.45
PR000078,2025-W41,84,449.48
PR000078,2025-W42,87,462.05
PR000078,2025-W43,71,376.99
PR000078,2025-W44,84,447.89
PR000078,2025-W45,82,419.53
PR000078,2025-W46,97,423.72
PR000078,2025-W47,112,497.78
PR000078,2025-W48,72,328.94
PR000078,2025-W49,118,528.22
PR000078,2025-W50,116,515.32
PR000078,2025-W51,108,477.98
PR000078,2025-W52,68,314.52
PR000078,2026-W01,110,487.77
PR000078,2026-W02,103,468.91
PR000078,2026-W03,90,395.38
PR000078,2026-W04,102,451.55
PR000078,2026-W05,110,486.72
PR000078,2026-W06,136,600.14
PR000078,2026-W07,128,552.51
PR000078,2026-W08,16,68.25
PR000079,2025-W35,6,31.5
PR000079,2025-W36,45,236.25
PR000079,2025-W37,76,399.0
PR000079,2025-W38,85,446.25
PR000079,2025-W39,83,435.75
PR000079,2025-W40,105,551.25
PR000079,2025-W41,90,472.5
PR000079,2025-W42,110,577.5
PR000079,2025-W43,105,551.25
PR000079,2025-W44,86,451.5
PR000079,2025-W45,77,390.6
PR000079,2025-W46,79,346.5
PR000079,2025-W47,102,446.25
PR000079,2025-W48,115,499.07
PR000079,2025-W49,127,550.2
PR000079,2025-W50,137,618.48
PR000079,2025-W51,159,698.25
PR000079,2025-W52,118,522.9
PR000079,2026-W01,146,657.3
PR000079,2026-W02,137,599.55
PR000079,2026-W03,150,663.6
PR000079,2026-W04,164,717.15
PR000079,2026-W05,157,685.65
PR000079,2026-W06,219,954.45
PR000079,2026-W07,207,903.06
PR000079,2026-W08,26,116.8
PR000080,2025-W40,1015,4374.31
PR000080,2025-W41,1448,5693.63
PR000080,2025-W42,1287,4811.15
PR000080,2025-W43,1022,4180.64
PR000080,2025-W44,740,2809.29
PR000080,2025-W45,750,2733.58
PR000080,2025-W46,428,1581.63
PR000080,2025-W47,568,1935.33
PR000080,2025-W48,515,1892.33
PR000080,2025-W49,620,2141.51
PR000080,2025-W50,535,1903.77
PR000080,2025-W51,651,2239.2
PR000080,2025-W52,386,1311.75
PR000080,2026-W01,425,1476.75
PR000080,2026-W02,665,2226.46
PR000080,2026-W03,568,2018.6
PR000080,2026-W04,442,1638.63
PR000080,2026-W05,379,1432.55
PR000080,2026-W06,523,1881.38
PR000080,2026-W07,633,2222.04
PR000080,2026-W08,83,306.11
PR000081,2025-W40,149,560.51
PR000081,2025-W41,334,1173.29
PR000081,2025-W42,515,1824.71
PR000081,2025-W43,440,1522.83
PR000081,2025-W44,340,1140.92
PR000081,2025-W45,273,942.03
PR000081,2025-W46,277,931.07
PR000081,2025-W47,308,961.58
PR000081,2025-W48,309,1031.11
PR000081,2025-W49,404,1334.71
PR000081,2025-W50,442,1509.93
PR000081,2025-W51,431,1486.69
PR000081,2025-W52,390,1333.42
PR000081,2026-W01,419,1493.72
PR000081,2026-W02,380,1245.15
PR000081,2026-W03,364,1351.31
PR000081,2026-W04,308,1070.32
PR000081,2026-W05,360,1299.94
PR000081,2026-W06,394,1457.98
PR000081,2026-W07,324,1236.83
PR000081,2026-W08,46,179.71
PR000083,2025-W38,811,3376.41
PR000083,2025-W39,807,2804.95
PR000083,2025-W40,945,3328.14
PR000083,2025-W41,615,2158.2
PR000083,2025-W42,565,2055.66
PR000083,2025-W43,441,1668.98
PR000083,2025-W44,401,1448.19
PR000083,2025-W45,241,861.99
PR000083,2025-W46,134,458.94
PR000083,2025-W47,177,576.27
PR000083,2025-W48,102,340.87
PR000083,2025-W49,111,371.39
PR000083,2025-W50,103,338.84
PR000083,2025-W51,114,399.94
PR000083,2025-W52,47,182.78
PR000083,2026-W01,63,232.11
PR000083,2026-W02,99,335.24
PR000083,2026-W03,66,205.06
PR000083,2026-W04,73,275.47
PR000083,2026-W05,45,162.07
PR000083,2026-W06,62,219.24
PR000083,2026-W07,58,208.07
PR000083,2026-W08,8,29.88
PR000084,2025-W38,205,793.31
PR000084,2025-W39,219,765.35
PR000084,2025-W40,346,1158.53
PR000084,2025-W41,383,1343.82
PR000084,2025-W42,497,1676.12
PR000084,2025-W43,454,1564.05
PR000084,2025-W44,483,1573.98
PR000084,2025-W45,267,831.84
PR000084,2025-W46,267,840.68
PR000084,2025-W47,261,817.73
PR000084,2025-W48,233,801.5
PR000084,2025-W49,292,998.13
PR000084,2025-W50,302,1024.91
PR000084,2025-W51,263,885.74
PR000084,2025-W52,192,658.2
PR000084,2026-W01,186,690.11
PR000084,2026-W02,141,479.95
PR000084,2026-W03,131,490.43
PR000084,2026-W04,135,463.5
PR000084,2026-W05,153,562.4
PR000084,2026-W06,156,599.36
PR000084,2026-W07,109,392.58
PR000084,2026-W08,12,46.55
PR000086,2025-W43,366,1456.3
PR000086,2025-W44,605,2088.06
PR000086,2025-W45,610,2043.13
PR000086,2025-W46,343,1290.1
PR000086,2025-W47,442,1619.55
PR000086,2025-W48,379,1319.29
PR000086,2025-W49,410,1455.39
PR000086,2025-W50,386,1429.6
PR000086,2025-W51,411,1527.11
PR000086,2025-W52,233,870.33
PR000086,2026-W01,217,843.52
PR000086,2026-W02,486,1762.36
PR000086,2026-W03,350,1465.31
PR000086,2026-W04,265,1112.6
PR000086,2026-W05,260,1043.65
PR000086,2026-W06,385,1495.19
PR000086,2026-W07,365,1432.87
PR000086,2026-W08,50,193.94
PR000087,2025-W43,250,932.83
PR000087,2025-W44,704,2398.8
PR000087,2025-W45,587,2046.26
PR000087,2025-W46,495,1692.77
PR000087,2025-W47,570,1823.13
PR000087,2025-W48,478,1564.56
PR000087,2025-W49,655,2125.0
PR000087,2025-W50,652,2250.16
PR000087,2025-W51,729,2508.85
PR000087,2025-W52,509,1758.18
PR000087,2026-W01,581,2019.65
PR000087,2026-W02,570,1898.99
PR000087,2026-W03,427,1560.79
PR000087,2026-W04,415,1541.68
PR000087,2026-W05,453,1697.02
PR000087,2026-W06,455,1717.3
PR000087,2026-W07,420,1514.45
PR000087,2026-W08,37,145.92
PR000088,2025-W43,497,2105.03
PR000088,2025-W44,709,2487.69
PR000088,2025-W45,623,2134.73
PR000088,2025-W46,461,1599.09
PR000088,2025-W47,496,1654.81
PR000088,2025-W48,390,1329.01
PR000088,2025-W49,425,1503.59
PR000088,2025-W50,366,1347.99
PR000088,2025-W51,473,1584.91
PR000088,2025-W52,284,1028.62
PR000088,2026-W01,284,1092.93
PR000088,2026-W02,372,1294.59
PR000088,2026-W03,279,1033.12
PR000088,2026-W04,211,750.41
PR000088,2026-W05,194,732.25
PR000088,2026-W06,232,891.95
PR000088,2026-W07,241,848.46
PR000088,2026-W08,24,104.12
PR000089,2025-W43,305,1243.91
PR000089,2025-W44,602,2017.17
PR000089,2025-W45,475,1610.14
PR000089,2025-W46,508,1595.03
PR000089,2025-W47,547,1794.52
PR000089,2025-W48,475,1632.21
PR000089,2025-W49,634,2109.94
PR000089,2025-W50,686,2424.18
PR000089,2025-W51,677,2352.68
PR000089,2025-W52,505,1804.96
PR000089,2026-W01,563,1990.08
PR000089,2026-W02,441,1463.05
PR000089,2026-W03,339,1189.32
PR000089,2026-W04,326,1134.66
PR000089,2026-W05,368,1363.59
PR000089,2026-W06,388,1450.65
PR000089,2026-W07,264,955.04
PR000089,2026-W08,36,136.35
PR000090,2025-W45,528,1937.9
PR000090,2025-W46,847,3053.66
PR000090,2025-W47,627,2119.32
PR000090,2025-W48,476,1628.54
PR000090,2025-W49,523,1833.12
PR000090,2025-W50,449,1590.23
PR000090,2025-W51,563,1908.67
PR000090,2025-W52,388,1346.76
PR000090,2026-W01,339,1184.0
PR000090,2026-W02,426,1399.35
PR000090,2026-W03,281,1031.84
PR000090,2026-W04,185,732.8
PR000090,2026-W05,164,635.72
PR000090,2026-W06,248,890.95
PR000090,2026-W07,219,800.92
PR000090,2026-W08,19,79.03
PR000091,2025-W45,314,1170.51
PR000091,2025-W46,1011,3358.29
PR000091,2025-W47,755,2373.55
PR000091,2025-W48,722,2436.97
PR000091,2025-W49,852,2714.17
PR000091,2025-W50,861,2909.36
PR000091,2025-W51,881,2872.98
PR000091,2025-W52,678,2276.12
PR000091,2026-W01,705,2317.32
PR000091,2026-W02,492,1587.29
PR000091,2026-W03,314,1126.45
PR000091,2026-W04,251,915.57
PR000091,2026-W05,315,1143.65
PR000091,2026-W06,313,1140.54
PR000091,2026-W07,216,801.39
PR000091,2026-W08,34,134.55
PR000101,2025-W42,1,3.0
PR000101,2025-W51,2,8.84
PR000101,2026-W02,2,9.2
PR000101,2026-W03,1,4.6
PR000101,2026-W04,3,11.8
PR000101,2026-W05,4,18.4
PR000107,2025-W50,2,19.9
PR000108,2026-W03,360,1451.37
PR000108,2026-W04,512,1933.64
PR000108,2026-W05,391,1499.55
PR000108,2026-W06,522,2067.56
PR000108,2026-W07,438,1751.01
PR000108,2026-W08,43,161.79
PR000109,2026-W03,300,1119.63
PR000109,2026-W04,541,2029.11
PR000109,2026-W05,489,1819.28
PR000109,2026-W06,518,1927.59
PR000109,2026-W07,345,1371.2
PR000109,2026-W08,32,124.55
PR000110,2026-W03,586,2211.27
PR000110,2026-W04,800,3020.84
PR000110,2026-W05,496,1837.69
PR000110,2026-W06,648,2385.54
PR000110,2026-W07,501,1766.78
PR000110,2026-W08,51,198.55
PR000111,2026-W03,677,2499.55
PR000111,2026-W04,1146,4219.9
PR000111,2026-W05,1031,3718.64
PR000111,2026-W06,976,3599.22
PR000111,2026-W07,513,1904.48
PR000111,2026-W08,66,239.34
PR000112,2026-W07,1399,5038.91
PR000112,2026-W08,98,343.88
PR000113,2026-W07,1140,4085.03
PR000113,2026-W08,102,372.57
PR000114,2026-W07,430,1475.23
PR000114,2026-W08,29,99.11
